content,device,like,rcount,ctime,avatar,level,sex,sign,uname,mid,oid,diag
"播放量低是正常的
虽然细，但这并不像一个系统教学，更像一个厨力党的盯帧分析，然而大部分人应该是冲着实战攻略来的。
并且，说的点太散，属于是在大量彩蛋中时不时出现少量干货，观众无法快速获得想要的攻略干货。
挺可惜的，如果耐心看完，视频中是藏着不少实用细节的，可是很少有人坚持看完。如果up能优化一下视频形式，相信能将更多细节传达给观众",,28,3,,https://i1.hdslb.com/bfs/face/bb20bd5e913a4a88174f753f93c45449a41c7b89.jpg,5,保密,这个人有点神秘，毕竟他至少写了点东西,玩个只因吧,382425520,236465733,原评论
好哒感谢建议！但是排版已经排了6次了，已经尽力做到系统化了，知识点确实太多，我看大部分UP也都挺乱的，芙芙的板真不好排[委屈],,0,0,,https://i1.hdslb.com/bfs/face/465103e3684e4105f1507e0433b8796120d7028b.jpg,6,女,"B站最牛看号UP不满意包退！
细节决定成败！一位非常细的全能UP！
没有弱的角色，只有弱的旅行者！
粉丝群看视频简介！",鹏鹏不是朋朋_,273991792,236465733,原评论
简单说就是企图把所有细节端上来，但对受众喜好和需求不明确，有些细是完全没必要的，也增加了自己的工作量，但看了那么多攻略，就他做了对轴手法，拉到这环节确实眼前一亮,,0,0,,https://i1.hdslb.com/bfs/face/2ddd4c76578eb58405b62a4997d429cdf34fc9d5.jpg,6,男,爱吃披萨,大鱼Darius,17509717,236465733,原评论
和我想说的一样。说的很中肯的建议,,0,0,,https://i0.hdslb.com/bfs/face/3f0abd5e77cba7d4641e5becdd115de4e60e1b9d.jpg,3,保密,,提瓦特三崩子,3493259290610601,236465733,原评论
"抱歉让大家久等了[哈欠]，个人良心制作没有团队，半个月才肝完，工作量太大了[灵魂出窍]，剪辑的条件也不是很好，笔记本电脑无法给大家带来很好的画质，光录音就配了1000+，素材更是2000+视频发的太晚了，芙芙卡池明天就要结束了，流量方面这次只能靠大家了[委屈][委屈][委屈]一定要[热词系列_三连]鸭！
      鹏鹏普通话不太好，希望大家理解，视频中配音的某些时候，鹏鹏发烧感冒加鼻炎，可能声音有大有小，本来想等好了再配音[委屈]，但是芙芙卡池马上就结束了，已经没时间了，希望大家谅解。其实中间已经准备放弃制作了，因为发的晚加生病，但是群里还是有很多水友以及B站私信，大家想要这一份攻略[坎公骑冠剑_吃鸡][坎公骑冠剑_吃鸡][坎公骑冠剑_吃鸡]，我想了一下，为了粉丝那就做完吧[奋斗]！流量不行，鹏鹏就复刻的时候再发一遍！
      舰长充电参演人员名单在视频最后，记得把视频看完呀，免费充电方法大家看视频简介即可！感谢大家的观看与支持！有什么建议或者问题大家可以私信或者评论，鹏鹏看见一定会回复的！[桃源_乖巧]",,105,4,,https://i1.hdslb.com/bfs/face/465103e3684e4105f1507e0433b8796120d7028b.jpg,6,女,"B站最牛看号UP不满意包退！
细节决定成败！一位非常细的全能UP！
没有弱的角色，只有弱的旅行者！
粉丝群看视频简介！",鹏鹏不是朋朋_,273991792,236465733,原评论
大家在看视频记得在弹幕设置里面，把高级弹幕打开！不然看不到鹏鹏补充的内容！[委屈],,0,0,,https://i1.hdslb.com/bfs/face/465103e3684e4105f1507e0433b8796120d7028b.jpg,6,女,"B站最牛看号UP不满意包退！
细节决定成败！一位非常细的全能UP！
没有弱的角色，只有弱的旅行者！
粉丝群看视频简介！",鹏鹏不是朋朋_,273991792,236465733,原评论
投币鼓励一下[doge],,0,0,,http://i0.hdslb.com/bfs/face/724da314de9fbadea94d2828002a1af9878941eb.jpg,6,保密,,青衣慕雪落红,383275212,236465733,原评论
这不是月月月月吗[doge],,0,0,,https://i0.hdslb.com/bfs/face/66beadc8b65c0b2d9574cbddfd16b5d7593afe6c.jpg,5,保密,这个人不神秘，但还是什么都没写,有数存焉,482236275,236465733,原评论
我有几个疑惑啊，龙王q倍率还是可以的，是不是后放会好一些呢，先手使用e秒接芙芙qe可以压不少充能，目前我零命水管水神这么操作能压到180单体boss稳定循环，这样双水生命就可以堆到四万了，芙芙qe和eq有很明显的差别嘛，我是手机党qe比较丝滑一点，直接点元素爆发图标嘛。还有就是万叶有必要开大招嘛，万叶本身增伤十秒减抗八秒（还是我记反了）但按照主播的轴来看，之后是夏洛蒂eq龙王两个重击，时间其实是大差不差的，不q一不用堆充能可以狂怼精通（以前跟雷神混充能不高）二不放动画可以缩短轴长。如果说是给小动物增伤就顶多在第二波前段的时候多增伤，这个提升大概又有多少呢。喜欢up的视频，希望有大佬可以解惑。目前配置00芙11龙,,3,2,,https://i0.hdslb.com/bfs/face/member/noface.jpg,4,保密,,-惊语-,1149213306,236465733,原评论
我就是这样玩的，那芙琴,,0,0,,https://i0.hdslb.com/bfs/face/b99456ebe86dac01fe83ca29047d73f03915d7ec.jpg,5,女,,FYTZSQBY,401710965,236465733,原评论
手法仅供参考，您的思路很不错可以试试龙E芙芙QE[tv_难过],,0,0,,https://i1.hdslb.com/bfs/face/465103e3684e4105f1507e0433b8796120d7028b.jpg,6,女,"B站最牛看号UP不满意包退！
细节决定成败！一位非常细的全能UP！
没有弱的角色，只有弱的旅行者！
粉丝群看视频简介！",鹏鹏不是朋朋_,273991792,236465733,原评论
唉，攻略视频真的很费时费力，自己尝试做了才知道，花费大量时间最后可能还是迎来惨淡的播放量，这样一来真的会有失落感，纯为爱发电了![笑哭]支持下up!,,33,3,,https://i0.hdslb.com/bfs/face/bc978fc0c8cde7a00e7f339164b8109f118c6828.jpg,5,男,"什么都会一点，什么都不厉害。
应一些朋友的需求，重新建了个摸鱼群
欢迎加入：696777768",请叫我寻欢,287043003,236465733,原评论
没事，到时候复刻再发一遍,,2,0,,https://i1.hdslb.com/bfs/face/465103e3684e4105f1507e0433b8796120d7028b.jpg,6,女,"B站最牛看号UP不满意包退！
细节决定成败！一位非常细的全能UP！
没有弱的角色，只有弱的旅行者！
粉丝群看视频简介！",鹏鹏不是朋朋_,273991792,236465733,原评论
认真做的可能没人看，随便录的视频可能会火[笑哭]现在是这样的,,1,0,,https://i1.hdslb.com/bfs/face/680744e7c65b5c1089480b0108964b8f4c0e4c73.jpg,6,保密,这个人勤快死了，什么都写了(◦˙▽˙◦),墨淵淵淵,321443356,236465733,原评论
回复 @墨淵淵淵 :是的纯运气,,0,0,,https://i1.hdslb.com/bfs/face/465103e3684e4105f1507e0433b8796120d7028b.jpg,6,女,"B站最牛看号UP不满意包退！
细节决定成败！一位非常细的全能UP！
没有弱的角色，只有弱的旅行者！
粉丝群看视频简介！",鹏鹏不是朋朋_,273991792,236465733,原评论
还不错。最大的问题确实是速度原因，刚做攻略不久就摊上芙宁娜这种机制，为难你了也是。慢慢来吧，加油，手法那里建议放慢倍速仔细看，命座部分是很细的，辛苦了,,2,1,,http://i1.hdslb.com/bfs/face/49969b402e0d41fb3c8c3ac6d431e1d29fc2d80a.jpg,5,女,,Lost_Fairy,22019794,236465733,原评论
感谢！,,0,0,,https://i1.hdslb.com/bfs/face/465103e3684e4105f1507e0433b8796120d7028b.jpg,6,女,"B站最牛看号UP不满意包退！
细节决定成败！一位非常细的全能UP！
没有弱的角色，只有弱的旅行者！
粉丝群看视频简介！",鹏鹏不是朋朋_,273991792,236465733,原评论
支持！我现在用的是芙芙龙王钟离小鹿，这个队伍感觉不错，平时大世界喜欢用芙芙夜兰心海皇女这个队伍,,2,1,,http://i2.hdslb.com/bfs/face/2ebf09b730d69e3cd2f167260628b5ab6d84a896.jpg,4,保密,,吸引财富,231299723,236465733,原评论
好耶！[tv_难过],,0,0,,https://i1.hdslb.com/bfs/face/465103e3684e4105f1507e0433b8796120d7028b.jpg,6,女,"B站最牛看号UP不满意包退！
细节决定成败！一位非常细的全能UP！
没有弱的角色，只有弱的旅行者！
粉丝群看视频简介！",鹏鹏不是朋朋_,273991792,236465733,原评论
你这鸽多久了？水神池子都快结束了才出，罚你一个月不许奖励[傲娇],,1,1,,https://i2.hdslb.com/bfs/face/94987ded038248d35840288e3b16bf24b8e8246f.jpg,6,男,,牛马树下牛马人,312886862,236465733,原评论
滚呐,,0,0,,https://i1.hdslb.com/bfs/face/465103e3684e4105f1507e0433b8796120d7028b.jpg,6,女,"B站最牛看号UP不满意包退！
细节决定成败！一位非常细的全能UP！
没有弱的角色，只有弱的旅行者！
粉丝群看视频简介！",鹏鹏不是朋朋_,273991792,236465733,原评论
已三连[打call],,2,1,,http://i1.hdslb.com/bfs/face/cd6d07ff60b41188e60c7807a7128629f04cf105.jpg,6,男,,Pou_君,10995022,236465733,原评论
感谢！希望转发给鹏鹏[委屈][委屈][委屈],,0,0,,https://i1.hdslb.com/bfs/face/465103e3684e4105f1507e0433b8796120d7028b.jpg,6,女,"B站最牛看号UP不满意包退！
细节决定成败！一位非常细的全能UP！
没有弱的角色，只有弱的旅行者！
粉丝群看视频简介！",鹏鹏不是朋朋_,273991792,236465733,原评论
芙宁娜进点秋香队伍就是败笔，还不如雷神，还班尼特带双爆打伤害，更是搞笑中的搞笑，不说别的，就芙宁娜这烧血，班尼特带双爆，哪来的奶量？是生怕自己死的不够快呀，即便是正常班尼特的奶量，那也是个画地为牢，一出圈就没有奶量，没有奶量就无血可烧，烧不了血，就没有增伤，纯纯的负提升，更别提点秋香还是充能大户，在圣遗物没有毕业，甚至小毕业的时候，雷神的全队充能，都不一定能满足,,2,0,,http://i1.hdslb.com/bfs/face/80e45ac35629b65ce2e94f017071e52d49ef94eb.jpg,5,保密,,仙袂诀,176668468,236465733,原评论
那个应该不是笑脸，是闭着眼睛的纯水精灵的独眼,,10,3,,http://i2.hdslb.com/bfs/face/7c1c0f60e74d22d8c1799d22e0df2a16496d2b5f.jpg,6,保密,,楽園P,4643504,236465733,原评论
我也这么觉得,,0,0,,https://i1.hdslb.com/bfs/face/380d1f8dfaf0522ba98cd67828b654471280a958.jpg,5,男,,陈晨凌晨几点睡,514973512,236465733,原评论
好哒[原神_哇],,0,0,,https://i1.hdslb.com/bfs/face/465103e3684e4105f1507e0433b8796120d7028b.jpg,6,女,"B站最牛看号UP不满意包退！
细节决定成败！一位非常细的全能UP！
没有弱的角色，只有弱的旅行者！
粉丝群看视频简介！",鹏鹏不是朋朋_,273991792,236465733,原评论
大概,,0,0,,http://i2.hdslb.com/bfs/face/7c1c0f60e74d22d8c1799d22e0df2a16496d2b5f.jpg,6,保密,,楽園P,4643504,236465733,原评论
挺好的，对我有帮助，up加油！,,1,1,,https://i0.hdslb.com/bfs/face/member/noface.jpg,4,保密,,静静静静静姐姐,398882576,236465733,原评论
加油！,,0,0,,https://i1.hdslb.com/bfs/face/465103e3684e4105f1507e0433b8796120d7028b.jpg,6,女,"B站最牛看号UP不满意包退！
细节决定成败！一位非常细的全能UP！
没有弱的角色，只有弱的旅行者！
粉丝群看视频简介！",鹏鹏不是朋朋_,273991792,236465733,原评论
长篇制作[星星眼],,3,1,,https://i0.hdslb.com/bfs/face/272b32f927515bebeb37160b8972c02434ea74cf.jpg,5,保密,一个普普通通的御三家单推人～,蒙德第一偶像侦察骑士,62916498,236465733,原评论
好耶是你！[2233娘_大哭],,1,0,,https://i1.hdslb.com/bfs/face/465103e3684e4105f1507e0433b8796120d7028b.jpg,6,女,"B站最牛看号UP不满意包退！
细节决定成败！一位非常细的全能UP！
没有弱的角色，只有弱的旅行者！
粉丝群看视频简介！",鹏鹏不是朋朋_,273991792,236465733,原评论
这发得也太晚了，卡池都快结束了，肯定没什么流量,,1,1,,http://i0.hdslb.com/bfs/face/96ed7765ca7d6478ffd5fa3005f2b3b2882f0d77.jpg,6,保密,感谢大家的硬币=￣ω￣=,吾之saber美如画,55910745,236465733,原评论
没事为了粉丝只能这样了，下次复刻再发一次,,0,0,,https://i1.hdslb.com/bfs/face/465103e3684e4105f1507e0433b8796120d7028b.jpg,6,女,"B站最牛看号UP不满意包退！
细节决定成败！一位非常细的全能UP！
没有弱的角色，只有弱的旅行者！
粉丝群看视频简介！",鹏鹏不是朋朋_,273991792,236465733,原评论
我特么直接八百万芙！什么百万芙特！名字上吊锤他,,0,0,,https://i2.hdslb.com/bfs/face/61e468bb6d2baf4e016ce8ccbd97e82bb8e3dc42.jpg,5,保密,,胡渣星人,139236470,236465733,原评论
唉，辛苦的鹏鹏，做攻略做的都半个月没和我睡觉了，大家给他来个3连吧[doge]（4连更好）,,2,1,,https://i1.hdslb.com/bfs/face/9b4833474cbebcb0df53f8f59141b750fcada60d.jpg,4,保密,,夜间喧嚣不止-,1821825391,236465733,原评论
没事没流量到时候再发一遍，要不是为了你们我不会这个时候发的[2233娘_大哭],,0,0,,https://i1.hdslb.com/bfs/face/465103e3684e4105f1507e0433b8796120d7028b.jpg,6,女,"B站最牛看号UP不满意包退！
细节决定成败！一位非常细的全能UP！
没有弱的角色，只有弱的旅行者！
粉丝群看视频简介！",鹏鹏不是朋朋_,273991792,236465733,原评论
喜欢PP的视频！一点点小小建议 如果以后视频可以分段落 方便观众跳转就更好了~,,4,7,,https://i2.hdslb.com/bfs/face/e058730cb926617f04f3209a81dc12009bda611b.jpg,6,保密,常年不务正业，偶尔技术爆表,青云红衅,2981561,236465733,原评论
回复 @鹏鹏不是朋朋_ : 有没有一种可能 我也自己干了好多年 我理解 但是觉得你有希望hhh,,1,0,,https://i2.hdslb.com/bfs/face/e058730cb926617f04f3209a81dc12009bda611b.jpg,6,保密,常年不务正业，偶尔技术爆表,青云红衅,2981561,236465733,原评论
回复 @鹏鹏不是朋朋_ : 不愧是你！！我未来的百万up,,1,0,,https://i2.hdslb.com/bfs/face/e058730cb926617f04f3209a81dc12009bda611b.jpg,6,保密,常年不务正业，偶尔技术爆表,青云红衅,2981561,236465733,原评论
回复 @青云红衅 :新股东好[tv_难过],,0,0,,https://i1.hdslb.com/bfs/face/465103e3684e4105f1507e0433b8796120d7028b.jpg,6,女,"B站最牛看号UP不满意包退！
细节决定成败！一位非常细的全能UP！
没有弱的角色，只有弱的旅行者！
粉丝群看视频简介！",鹏鹏不是朋朋_,273991792,236465733,原评论
一如既往的细，不愧是你，蛮多细节平常真注意不到（黑白芙原本以为都是长发的说，发现文案描述不严谨有实力的）提一嘴，韩信带净化那里没绷住，喝水差点呛死）,,4,1,,https://i0.hdslb.com/bfs/face/f442c46eaf812c45c7413ea6587b369587ecedde.jpg,5,保密,,天似赐月,694088781,236465733,原评论
[doge],,0,0,,https://i1.hdslb.com/bfs/face/465103e3684e4105f1507e0433b8796120d7028b.jpg,6,女,"B站最牛看号UP不满意包退！
细节决定成败！一位非常细的全能UP！
没有弱的角色，只有弱的旅行者！
粉丝群看视频简介！",鹏鹏不是朋朋_,273991792,236465733,原评论
来了,,1,1,,https://i1.hdslb.com/bfs/face/2fe6de862bb513533dbec5a60ed0a6233bdb07aa.jpg,6,保密,,MothName-原神代肝,7709416,236465733,原评论
来啦！,,0,0,,https://i1.hdslb.com/bfs/face/465103e3684e4105f1507e0433b8796120d7028b.jpg,6,女,"B站最牛看号UP不满意包退！
细节决定成败！一位非常细的全能UP！
没有弱的角色，只有弱的旅行者！
粉丝群看视频简介！",鹏鹏不是朋朋_,273991792,236465733,原评论
投币关注了，up能评论我嘛[doge],,1,1,,https://i1.hdslb.com/bfs/face/3dcba05d5353c5334dedd95f21350257055eb650.jpg,5,保密,ⅰ⃝该账号已被封禁,秋水龙影poi丶,435091780,236465733,原评论
[桃源_乖巧][桃源_乖巧][桃源_乖巧]可以哒,,0,0,,https://i1.hdslb.com/bfs/face/465103e3684e4105f1507e0433b8796120d7028b.jpg,6,女,"B站最牛看号UP不满意包退！
细节决定成败！一位非常细的全能UP！
没有弱的角色，只有弱的旅行者！
粉丝群看视频简介！",鹏鹏不是朋朋_,273991792,236465733,原评论
还没看，支持up主[打call],,3,2,,https://i0.hdslb.com/bfs/face/7fde5493f42c3693b04b9335d0d9d9cbb5767587.jpg,6,男,日常水一水,坏坏的XP,34745367,236465733,原评论
主要是up头像和我qq头像一样[doge],,1,0,,https://i0.hdslb.com/bfs/face/7fde5493f42c3693b04b9335d0d9d9cbb5767587.jpg,6,男,日常水一水,坏坏的XP,34745367,236465733,原评论
回复 @坏坏的XP :ll人集合！,,0,0,,https://i1.hdslb.com/bfs/face/465103e3684e4105f1507e0433b8796120d7028b.jpg,6,女,"B站最牛看号UP不满意包退！
细节决定成败！一位非常细的全能UP！
没有弱的角色，只有弱的旅行者！
粉丝群看视频简介！",鹏鹏不是朋朋_,273991792,236465733,原评论
《夏洛特》,,1,1,,https://i1.hdslb.com/bfs/face/a3a64e032a48a6ad635f43848d5d42b872626d2a.jpg,4,保密,谣之名.,Kaede散,1394817553,236465733,原评论
？[tv_呆],,0,0,,https://i1.hdslb.com/bfs/face/465103e3684e4105f1507e0433b8796120d7028b.jpg,6,女,"B站最牛看号UP不满意包退！
细节决定成败！一位非常细的全能UP！
没有弱的角色，只有弱的旅行者！
粉丝群看视频简介！",鹏鹏不是朋朋_,273991792,236465733,原评论
感谢鹏鹏[打call][打call][打call],,1,1,,https://i1.hdslb.com/bfs/face/b4f13500c348dd1c13d68adde5af33a3d32a2b43.jpg,5,保密,已退游,四宮_かぐや,357743170,236465733,原评论
没事为了你们还是出吧，实在不行再发一遍,,0,0,,https://i1.hdslb.com/bfs/face/465103e3684e4105f1507e0433b8796120d7028b.jpg,6,女,"B站最牛看号UP不满意包退！
细节决定成败！一位非常细的全能UP！
没有弱的角色，只有弱的旅行者！
粉丝群看视频简介！",鹏鹏不是朋朋_,273991792,236465733,原评论
芙芙这角色我感觉玩多人几乎是另一种玩法，给我一种MMO里辅助/奶的玩法，得经常切黑白状态保住队伍输出与生存[笑哭],,2,0,,https://i1.hdslb.com/bfs/face/2d01e931cebf6e4c713fed981ba5d42c50e1e167.jpg,6,保密,,han-so-lo,229858,236465733,原评论
辛苦了我的脑婆[星星眼],,2,1,,https://i0.hdslb.com/bfs/face/ee625be8f6e065b193c208006d7c5fd524709997.jpg,6,男,保持周更，有词私我谢谢喵,Berkelium-,388424421,236465733,原评论
没事脑公[2233娘_大哭],,0,0,,https://i1.hdslb.com/bfs/face/465103e3684e4105f1507e0433b8796120d7028b.jpg,6,女,"B站最牛看号UP不满意包退！
细节决定成败！一位非常细的全能UP！
没有弱的角色，只有弱的旅行者！
粉丝群看视频简介！",鹏鹏不是朋朋_,273991792,236465733,原评论
啊，太长了。。。能分p就好了,,1,1,,https://i0.hdslb.com/bfs/face/a52bcacff0efa2b818173b0fef465e82b7bf1fed.jpg,6,男,,B站林木奚,11600247,236465733,原评论
没事可以慢慢看,,0,0,,https://i1.hdslb.com/bfs/face/465103e3684e4105f1507e0433b8796120d7028b.jpg,6,女,"B站最牛看号UP不满意包退！
细节决定成败！一位非常细的全能UP！
没有弱的角色，只有弱的旅行者！
粉丝群看视频简介！",鹏鹏不是朋朋_,273991792,236465733,原评论
"白芙在深渊里还是有用的
比如卢芙万班打桩boss时候可以一开始切白芙避免三小只内鬼水导致万叶染水后扩不了火",,2,0,,https://i2.hdslb.com/bfs/face/7dc7cdcdddfd91e3d9b92e36569add2d99118431.jpg,6,男,ⓘ粉丝群:717731517,Li_Hii,147986606,236465733,原评论
我省流呢[doge],,1,1,,https://i2.hdslb.com/bfs/face/89a11f811bd85c237f4bf40909f8d4e4e55c1a0c.jpg,6,保密,为什么这么困,困困_zzZ,44593004,236465733,原评论
40min怎么省流！[2233娘_困惑],,0,0,,https://i1.hdslb.com/bfs/face/465103e3684e4105f1507e0433b8796120d7028b.jpg,6,女,"B站最牛看号UP不满意包退！
细节决定成败！一位非常细的全能UP！
没有弱的角色，只有弱的旅行者！
粉丝群看视频简介！",鹏鹏不是朋朋_,273991792,236465733,原评论
42分钟,,1,1,,https://i1.hdslb.com/bfs/face/e763585f488c754218be4d23ac09150cd7bd0d3f.jpg,6,男,聪明的人很多，勇敢的人很少。,-黑风-,108669523,236465733,原评论
热乎！趁热吃！[脱单doge],,0,0,,https://i1.hdslb.com/bfs/face/465103e3684e4105f1507e0433b8796120d7028b.jpg,6,女,"B站最牛看号UP不满意包退！
细节决定成败！一位非常细的全能UP！
没有弱的角色，只有弱的旅行者！
粉丝群看视频简介！",鹏鹏不是朋朋_,273991792,236465733,原评论
6命尝试一下，肯定颠覆你的这个视频的体验[吃瓜],,1,0,,https://i1.hdslb.com/bfs/face/442150cf5c9c2e2557e7cbd51daa1aebc76a01e5.jpg,3,保密,,圣小笑笑,490819972,236465733,原评论
三连转发了[吃瓜],,1,1,,https://i0.hdslb.com/bfs/face/d0d6ce266234dbfeb19a4b2cd8df49197d123431.jpg,4,男,可爱的真寻酱!,寻之月复,1879652697,236465733,原评论
感谢[委屈][委屈][委屈],,0,0,,https://i1.hdslb.com/bfs/face/465103e3684e4105f1507e0433b8796120d7028b.jpg,6,女,"B站最牛看号UP不满意包退！
细节决定成败！一位非常细的全能UP！
没有弱的角色，只有弱的旅行者！
粉丝群看视频简介！",鹏鹏不是朋朋_,273991792,236465733,原评论
建议加个进度条,,1,1,,https://i2.hdslb.com/bfs/face/1d1bf8784038bff4c35a1c9164dc54485f34795d.jpg,6,保密,,菜Yue昴,79126703,236465733,原评论
刷新一下就好啦！,,0,0,,https://i1.hdslb.com/bfs/face/465103e3684e4105f1507e0433b8796120d7028b.jpg,6,女,"B站最牛看号UP不满意包退！
细节决定成败！一位非常细的全能UP！
没有弱的角色，只有弱的旅行者！
粉丝群看视频简介！",鹏鹏不是朋朋_,273991792,236465733,原评论
我可太喜欢攻略长视频了,,1,0,,https://i2.hdslb.com/bfs/face/30a0fafef8a5add653ccd381efa3ee6680b1c726.webp,6,保密,此番美景，吾虽求而不得，却能邀诸位共赏,yksyn,22341080,236465733,原评论
四十分钟，这么猛。,,1,1,,http://i0.hdslb.com/bfs/face/014559711aae138131477db07114494b4211aea6.jpg,5,保密,学习一区,MagicGenie,111151062,236465733,原评论
确实的[2233娘_吃惊],,0,0,,https://i1.hdslb.com/bfs/face/465103e3684e4105f1507e0433b8796120d7028b.jpg,6,女,"B站最牛看号UP不满意包退！
细节决定成败！一位非常细的全能UP！
没有弱的角色，只有弱的旅行者！
粉丝群看视频简介！",鹏鹏不是朋朋_,273991792,236465733,原评论
为什么我双水水管145充能感觉够用了,,2,5,,https://i0.hdslb.com/bfs/face/8e8c63610310e501805b151a7aaf3ab54a6a0f7c.jpg,6,男,:l,小心坏女人i,2451498,236465733,原评论
根据手法实战产球不同，注意鹏鹏的用词[tv_难过],,0,0,,https://i1.hdslb.com/bfs/face/465103e3684e4105f1507e0433b8796120d7028b.jpg,6,女,"B站最牛看号UP不满意包退！
细节决定成败！一位非常细的全能UP！
没有弱的角色，只有弱的旅行者！
粉丝群看视频简介！",鹏鹏不是朋朋_,273991792,236465733,原评论
水管在释放元素战技后五秒加充能效率16%到32%,,0,0,,https://i0.hdslb.com/bfs/face/25ec6b5c8de90e31b439f4947dc1619aa9696762.jpg,5,保密,随缘发视频,阿吉也很无奈,1151400420,236465733,原评论
我原先双水173的充能，每次都差那么一内内，换了圣遗物191的充能，配那维基本回回有大,,0,0,,https://i0.hdslb.com/bfs/face/46c2f5d132a39ddb773035b1cd78fb8b2d50c527.jpg,5,保密,想堕落，神仙难救。想成长，绝处亦可逢生！,烟多话少脾气爆表,29244828,236465733,原评论
[打call],,1,1,,https://i1.hdslb.com/bfs/face/b91e653e48fe1c6fd82f875d33c4aa6eee5c0a0d.jpg,5,男,谢谢你陪我迷途乐园.,跌下星辰,363840409,236465733,原评论
呜呜星辰[大哭],,0,0,,https://i1.hdslb.com/bfs/face/465103e3684e4105f1507e0433b8796120d7028b.jpg,6,女,"B站最牛看号UP不满意包退！
细节决定成败！一位非常细的全能UP！
没有弱的角色，只有弱的旅行者！
粉丝群看视频简介！",鹏鹏不是朋朋_,273991792,236465733,原评论
0命纯史，二命起玩,,0,0,,https://i0.hdslb.com/bfs/face/e189bd5bfeede74b7414f495b6950196c36a6047.jpg,4,保密,,苹果鼻涕,1020481542,236465733,原评论
刚刚氪了400抽芙芙[笑哭],,0,0,,https://i2.hdslb.com/bfs/face/31082e232a3464a8b3ca1347e7c6103c65ac8989.jpg,5,保密,,丿玄戈乀,319101068,236465733,原评论
辛苦了[某科学的超电磁炮T_感动],,0,0,,https://i2.hdslb.com/bfs/face/0137999def69d294677dda311715ca85afd4d531.webp,6,男,哇酷哇酷,ws飘零,358622,236465733,原评论
太晚发了,,1,1,,https://i0.hdslb.com/bfs/face/5a206b0050fd3734fe4d39406141e8bfab288575.jpg,5,女,有时候会做无声直播，也有时候忙不过来，漏忘了可私信，各位生活愉快,大大水果,677391735,236465733,原评论
看置顶🔝评论,,0,0,,https://i1.hdslb.com/bfs/face/465103e3684e4105f1507e0433b8796120d7028b.jpg,6,女,"B站最牛看号UP不满意包退！
细节决定成败！一位非常细的全能UP！
没有弱的角色，只有弱的旅行者！
粉丝群看视频简介！",鹏鹏不是朋朋_,273991792,236465733,原评论
辛苦惹,,0,0,,https://i0.hdslb.com/bfs/face/4046cb8e3b8bc784708582a7593a49881a1f8b68.jpg,5,女,"只要不失去你的崇高
世界将永远为你敞开",阮云与云长,470516199,236465733,原评论
三连了，捧场！,,1,1,,https://i2.hdslb.com/bfs/face/55213273c6d68a32d86446c41676c8365ba965a4.jpg,6,男,心态平和,月影凝霜寒,53169491,236465733,原评论
好耶能关注就好啦！[tv_难过],,0,0,,https://i1.hdslb.com/bfs/face/465103e3684e4105f1507e0433b8796120d7028b.jpg,6,女,"B站最牛看号UP不满意包退！
细节决定成败！一位非常细的全能UP！
没有弱的角色，只有弱的旅行者！
粉丝群看视频简介！",鹏鹏不是朋朋_,273991792,236465733,原评论
疯狂3连,,1,1,,http://i0.hdslb.com/bfs/face/member/noface.jpg,5,保密,,复合肥300一袋,440732172,236465733,原评论
感谢您！[tv_难过],,0,0,,https://i1.hdslb.com/bfs/face/465103e3684e4105f1507e0433b8796120d7028b.jpg,6,女,"B站最牛看号UP不满意包退！
细节决定成败！一位非常细的全能UP！
没有弱的角色，只有弱的旅行者！
粉丝群看视频简介！",鹏鹏不是朋朋_,273991792,236465733,原评论
今天没了吧,,0,0,,https://i0.hdslb.com/bfs/face/053c37c9ae653cdc7a2b1e19bd367766bd2bf302.jpg,6,保密,,是我的飞翔,47168055,236465733,原评论
50抽没出,,0,0,,https://i0.hdslb.com/bfs/face/053c37c9ae653cdc7a2b1e19bd367766bd2bf302.jpg,6,保密,,是我的飞翔,47168055,236465733,原评论
好肝[doge],,0,0,,http://i0.hdslb.com/bfs/face/member/noface.jpg,6,保密,,露果,8777585,236465733,原评论
好好好！現在攻略区比谁长就是了？不过up又细又长[doge]这是褒义不是贬哦[吃瓜],,0,0,,https://i1.hdslb.com/bfs/face/73b0b1d55eeebca51629d781e924b2eb5e3f8c37.jpg,5,男,我不是up 并不靠这赚钱，录视频纯粹是兴趣，你可以不喜欢我，但...我却成功让你听见了蔡佩轩-Ariel  Tsai的声音（dog),自由之心天空,640531081,236465733,原评论
有我懂？芙宁娜身上每一寸皮肤我都仔细舔过[喜欢],,0,1,,https://i0.hdslb.com/bfs/face/40f6f714f0435ddfc7c09424b61bcad799d936bf.jpg,6,男,该用户已被封禁,雨天想你不孤单,36462468,236465733,原评论
差不多得了🤣,,0,0,,https://i2.hdslb.com/bfs/face/a1af4dadcc9079b3473499db8e4e592bf00ce199.jpg,5,保密,尊重他人命运,捏哈哈哈哈_,382737917,236465733,原评论
这次抽4命榨干了，下次直接补6➕1[OK],,0,0,,https://i2.hdslb.com/bfs/face/408a5ecb5af3239bfb49e4e6e1cc2ef7be8a1e03.jpg,6,保密,待到秋来九月八  我花开后百花杀  冲天香阵透长安  满城尽带黄金甲,血點朝貢,164844791,236465733,原评论
迪芙白香，迪希雅和香菱带西风，白术带金箔，芙芙就可以带船坞或板砖、专武，实测芙宁娜130多充能就可以循环，主打后台水蒸发和贪生怕死[tv_doge]迪希雅e，芙宁娜eq，白术eq，香菱qe，迪希雅q打拳，然后再分别触发西风，就可以下波循环，完全的有技能放技能[tv_doge],,0,0,,https://i2.hdslb.com/bfs/face/327752f9f688e2d7a24003a76c3ebcce3f7c796a.jpg,5,保密,,海御天,497095595,236465733,原评论
芙宁娜很有提升啊，仅需一只就能让陪跑满命啊[tv_委屈],,0,0,,https://i0.hdslb.com/bfs/face/6e7ee177b5cc681b9609c07f8d5eb574b52d409c.jpg,4,保密,,我是sjb这,1404165012,236465733,原评论
太强了up，加油up！[打call],,1,1,,http://i2.hdslb.com/bfs/face/c2c392fa0b7f0bb2fe926ab32395c595277d395d.jpg,6,保密,哈哈哈呵呵呵嘿嘿嘿hhh,凉油番茄奶,38057501,236465733,原评论
谢谢您[tv_害羞],,0,0,,https://i1.hdslb.com/bfs/face/465103e3684e4105f1507e0433b8796120d7028b.jpg,6,女,"B站最牛看号UP不满意包退！
细节决定成败！一位非常细的全能UP！
没有弱的角色，只有弱的旅行者！
粉丝群看视频简介！",鹏鹏不是朋朋_,273991792,236465733,原评论
是蹦蹦不是鹏鹏[打call],,1,1,,https://i0.hdslb.com/bfs/face/bab2cd8f9621ab308795f7f8b5cd8d93b320a4f3.jpg,5,保密,,不唠磕了,382986648,236465733,原评论
6,,0,0,,https://i1.hdslb.com/bfs/face/465103e3684e4105f1507e0433b8796120d7028b.jpg,6,女,"B站最牛看号UP不满意包退！
细节决定成败！一位非常细的全能UP！
没有弱的角色，只有弱的旅行者！
粉丝群看视频简介！",鹏鹏不是朋朋_,273991792,236465733,原评论
感觉玩下来双水组队收益还挺高的,,0,0,,https://i1.hdslb.com/bfs/face/885f9097a7f5717f0e322f20dd2285627c7cdc90.jpg,6,女,互相瞧不起的只有答辩,团长你要幸福啊团长,107694613,236465733,原评论
现在3+0不知道复刻的时候能不能许愿6+1[打call],,2,4,,https://i0.hdslb.com/bfs/face/77915253e575b65fa1fe79ecc59069938661edb8.jpg,5,保密,,朗姆酒蛋糕忒,325167864,236465733,原评论
回复 @卡密大人_ : 一样等4.6，我3+1,,0,0,,https://i1.hdslb.com/bfs/face/0fa1ac5e18a4d556d14c30f973d3ce6d8b591064.jpg,6,男,“他们曾如此骄傲地活过，贯彻始终。”再见啦！​,Dear_Elysia,175799059,236465733,原评论
我是2+1，想复刻整人生第一个六命,,0,0,,https://i0.hdslb.com/bfs/face/6a979cd83b5836630db8efd6942c554e8abe44aa.jpg,5,保密,,三块二的优乐美,12653289,236465733,原评论
应该是4.6复刻，感觉有机会,,0,0,,https://i2.hdslb.com/bfs/face/d5ddd60ed0ca9fece8930eb2222249af934ac8e3.jpg,5,保密,明日方舟新人up,卡密大人_,649987178,236465733,原评论
最喜欢听芙宁娜视频了，主要是抽了二命,,1,1,,https://i2.hdslb.com/bfs/face/cc28383ce5a354ceae532321f799e949805ed97b.jpg,5,男,大家好，我是一名学生，外号，白嫖凡人,不中大奖不改名称,359515574,236465733,原评论
呼，累了累了，就听这个视频睡觉吧，哈哈，早上又是早八[吃瓜],,0,0,,https://i2.hdslb.com/bfs/face/cc28383ce5a354ceae532321f799e949805ed97b.jpg,5,男,大家好，我是一名学生，外号，白嫖凡人,不中大奖不改名称,359515574,236465733,原评论
为啥没有同时攻击多个怪的测试,,0,0,,https://i0.hdslb.com/bfs/face/11b67d3fd086b3b178e5ea94c0028583227166b4.jpg,5,保密,尊重他人命运，放下助人情节,付冷殷,309861477,236465733,原评论
"我现在在玩芭芭拉，芙芙，万叶，北斗的队伍，正在打材料拉北斗。心海被上了-100暴的诅咒，所以用芭芭拉，可以发挥猎人套的上限优势。用北斗是为了增加属性对抗的优势，同时获得抗打断能力。目前这个队伍第一间上半大概用一分四十多秒。当然也可以北斗换叶兰打纯水，以我的叶兰练度第一间一分十几秒就打完了。
为什么要练这个阵容，当然不全是为了XP或者深渊，考虑有三：一是在流云出来之前，练个逻辑上自洽的队伍来发挥芙芙的优势，试验角色的能力。二是借此练出一套攻攻暴的猎人套，对于攻击力模型的老角色极具泛用性，以后谁都可以换这套衣服进枫丹战舰，目前我的这套猎人已经220分了，再刷一刷到240分。三是目前尚不知道苹果姐的属性，如果她是后台感电拐，就可以上线后直接更衣替换掉北斗，又是一款枫丹战舰。",,0,0,,http://i1.hdslb.com/bfs/face/36ecab988c09abee01b576367c3121c733146f76.jpg,6,保密,(☆_☆),宫小路夏树,1272338,236465733,原评论
所以二命敷敷到底多少生命值够用呢[藏狐],,0,0,,https://i0.hdslb.com/bfs/face/6c96d39876bfcaf578ecf2401ca2d2f41038542e.jpg,6,保密,这个人很勤快，什么都写了,不出气的苏打水,34134627,236465733,原评论
三连奉上，希望up能火起来！,,1,1,,https://i1.hdslb.com/bfs/face/70c1cd6e3d0be5861051b9e1b54a083fc6e6e075.jpg,6,男,"世间万物唯美食不可辜负
芹菜茼蒿雪里蕻除外",纪凌紫,13692778,236465733,原评论
希望吧唉,,0,0,,https://i1.hdslb.com/bfs/face/465103e3684e4105f1507e0433b8796120d7028b.jpg,6,女,"B站最牛看号UP不满意包退！
细节决定成败！一位非常细的全能UP！
没有弱的角色，只有弱的旅行者！
粉丝群看视频简介！",鹏鹏不是朋朋_,273991792,236465733,原评论
芙的命座抽取还是有点意思，0命进那维队伍看着就够了，12命给的确实不少但也没有别的抽出来就爽的队，暂时还是观望吧。另外希望复刻和那维莱特一起，再陪点好用的武器。,,0,0,,https://i0.hdslb.com/bfs/face/d5a07859692c8ab33c4ed5035eac4d3171cbf94e.jpg,6,保密,,小天天0v0,21530826,236465733,原评论
这种必须关注,,1,1,,https://i1.hdslb.com/bfs/face/2df34c3a8e01f25663012d6ed36f6bdd93a8d752.jpg,5,保密,????,仟雨诺诺,481250968,236465733,原评论
wc感谢！[委屈]能有3连就好啦,,0,0,,https://i1.hdslb.com/bfs/face/465103e3684e4105f1507e0433b8796120d7028b.jpg,6,女,"B站最牛看号UP不满意包退！
细节决定成败！一位非常细的全能UP！
没有弱的角色，只有弱的旅行者！
粉丝群看视频简介！",鹏鹏不是朋朋_,273991792,236465733,原评论
满命芙带四猎人有用吗，她不吃普攻啊,,0,25,,https://i0.hdslb.com/bfs/face/a5e6d8c19bc9db8c48c382ae8bb1a384f8c27726.jpg,5,保密,,钚莣初芯6,90017691,236465733,原评论
回复 @钚莣初芯6 :我个人感觉满命打六刀的话二加二不错，毕竟还可以加海鲜的伤害，可是我懒得刷了，带逆飞开盾是一样的六刀伤害[吃瓜]没资源刷了,,0,0,,https://i1.hdslb.com/bfs/face/343de0f6dfad7562a19eed3aa6350df3f2cd0492.jpg,4,保密,,Kkk554545751,1455153661,236465733,原评论
回复 @钚莣初芯6 :二件吃的了呀，二件是普攻伤害加成，是吃的到的，你可以去自己实测看看其他up视频看看，二套加普攻伤害，满命芙绝对可以吃,,0,0,,https://i1.hdslb.com/bfs/face/05efcf9b505403ee259cf2eb5d6f62b68fc1a603.jpg,5,男,世界可大可小，自己满意就好,kilomi猫猫jpg,59472520,236465733,原评论
回复 @钚莣初芯6 :而且猎人套还是前台暴击率，小动物的伤害相当于完全丢掉了[doge],,0,0,,https://i1.hdslb.com/bfs/face/343de0f6dfad7562a19eed3aa6350df3f2cd0492.jpg,4,保密,,Kkk554545751,1455153661,236465733,原评论
双水还有两西风充能要多少[doge],,0,0,,https://i2.hdslb.com/bfs/face/6a6e3896e3409222bb920226f036d2a862c22713.jpg,3,男,,奶油芙芙啊,1653609278,236465733,原评论
今天芙芙要再见了 不知下次见面会有多少原石,,0,0,,https://i1.hdslb.com/bfs/face/1fd64f696c89da397e6546549c6616e781eb3064.jpg,6,男,发财暴富！,靛云天,85775110,236465733,原评论
捉个小虫 三小只飞过来那个应该叫闪现 或者传送机制 不是闪避机制,,0,0,,http://i0.hdslb.com/bfs/face/4ce93771583fd4cc49822e9a27a40e8c2cc219f0.jpg,6,女,喵喵喵喵喵~,蝶轻盈的猫小迪,684027,236465733,原评论
黑芙的召唤物是优先打黑芙（或角色）所攻击的目标，而不是谁打黑芙（角色），然后召唤物打谁。,,0,0,,https://i2.hdslb.com/bfs/face/b571ece8ca6f70e7f02c07b54a2bfbe2cf6ebba6.jpg,6,男,游戏剧情向,丨Dykimy丨,12954206,236465733,原评论
难得的正经攻略 现在在b站搜个角色攻略前排全是那种一分多钟，播放量几十万，口齿不清，口音又重，毫无内容的营销号大v，还都挂个原神高玩的牌子丢人现眼，b站这推送机制是真的烂到家了,,0,1,,https://i2.hdslb.com/bfs/face/ac3fe9f568a6a93a0269a8abcf66be23894c4712.jpg,5,男,一旦生活回到正轨，一切都会随之而来。,A怕怕A,40588940,236465733,原评论
午觉是吧[吃瓜],,0,0,,https://i0.hdslb.com/bfs/face/e5cb2f45e257f337c756521bd73c56814443c8c0.jpg,5,保密,,小保底永不歪的欧皇,620094291,236465733,原评论
"E技能范围没有班尼特那么大，推荐up用尘歌壶家具进行展示。
C4水神充能最高要求170，up主说的过于笼统。没有考虑实战环境。

E技能与大招范围涉及前台武器，例如西风板砖与祭礼的武器特效。涉及到水神是否能带和触发问题。

水神C6部分讲解比较详细，值得夸奖。希望填坑C6核爆排轴手法，C6水刀与重击有关细节。视频前面细节拉满全网之最名副其实，只是后面计算方面不够详细，本来就发的比较晚，数值内容却一笔带过。充能方面有些误导向了。期待下一个视频。
以下有需要的伙伴自行参考，选择性采纳",,1,1,,https://i0.hdslb.com/bfs/face/efa0bdba5a9a58a188ea2c5eeb0097680d2184f5.jpg,6,保密,,夜晴HIKARI,4999749,236465733,原评论
我说了大概注意鹏鹏用词，充能也说了，根据大家手法以及实战产求略有不同[tv_难过],,0,0,,https://i1.hdslb.com/bfs/face/465103e3684e4105f1507e0433b8796120d7028b.jpg,6,女,"B站最牛看号UP不满意包退！
细节决定成败！一位非常细的全能UP！
没有弱的角色，只有弱的旅行者！
粉丝群看视频简介！",鹏鹏不是朋朋_,273991792,236465733,原评论
夏洛蒂还是算了把。一堆人都推荐她。跟芭芭拉比起来差远了。首先大招启动攻击奶，血量就低，高压环境根本顶不住，根本站不住场，还有就是充能需求高，半天憋不出一个大。我六命夏洛蒂，西风200充能打深渊12-3双火使徒生存根本顶不住，真空期太长，大招把血量抬上去，3-4s左右又被使徒加水神把血量瞬间吸没，变残血了，全体再中一招直接暴毙。这个时候压根没有什么办法。换芭芭拉后好多了，血量就没低下80％过。芭芭拉e启动，时间长，还有大招瞬抬。我用的雷神 水神 万叶 芭芭拉12-3全程一遍过,,0,0,,https://i0.hdslb.com/bfs/face/729b8bb353e3afa67b07ad8f816f51f805034e75.jpg,6,男,可爱即是正义,僾上笨の貓,1732731,236465733,原评论
